COUNTY,RISK_RATNG
Autauga,Relatively Low
Baldwin,Relatively High
Barbour,Relatively Low
Bibb,Very Low
Blount,Relatively Low
Bullock,Very Low
Butler,Relatively Low
Calhoun,Relatively Moderate
Chambers,Very Low
Cherokee,Very Low
Chilton,Relatively Low
Choctaw,Relatively Low
Clarke,Relatively Low
Clay,Very Low
Cleburne,Very Low
Coffee,Relatively Moderate
Colbert,Relatively Low
Conecuh,Very Low
Coosa,Very Low
Covington,Relatively Moderate
Crenshaw,Very Low
Cullman,Relatively Low
Dale,Relatively Low
Dallas,Relatively Low
DeKalb,Relatively Low
Elmore,Relatively Low
Escambia,Relatively Moderate
Etowah,Relatively Low
Fayette,Very Low
Franklin,Relatively Low
Geneva,Relatively Low
Greene,Very Low
Hale,Very Low
Henry,Relatively Low
Houston,Relatively Moderate
Jackson,Relatively Low
Jefferson,Relatively High
Lamar,Very Low
Lauderdale,Relatively Low
Lawrence,Relatively Low
Lee,Relatively Low
Limestone,Relatively Low
Lowndes,Very Low
Macon,Very Low
Madison,Relatively Moderate
Marengo,Very Low
Marion,Relatively Low
Marshall,Relatively Moderate
Mobile,Relatively High
Monroe,Relatively Low
Montgomery,Relatively Moderate
Morgan,Relatively Moderate
Perry,Very Low
Pickens,Very Low
Pike,Relatively Low
Randolph,Very Low
Russell,Very Low
St. Clair,Relatively Low
Shelby,Relatively Moderate
Sumter,Relatively Low
Talladega,Relatively Low
Tallapoosa,Relatively Low
Tuscaloosa,Relatively Moderate
Walker,Relatively Low
Washington,Relatively Low
Wilcox,Very Low
Winston,Very Low
Aleutians East,Very Low
Aleutians West,Very Low
Anchorage,Relatively Moderate
Bethel,Very Low
Bristol Bay,Very Low
Chugach,Very Low
Copper River,Very Low
Denali,Very Low
Dillingham,Very Low
Fairbanks North Star,Relatively Low
Haines,Very Low
Hoonah-Angoon,Very Low
Juneau,Very Low
Kenai Peninsula,Relatively Moderate
Ketchikan Gateway,Very Low
Kodiak Island,Relatively Low
Kusilvak,Very Low
Lake and Peninsula,Very Low
Matanuska-Susitna,Relatively Moderate
Nome,Very Low
North Slope,Very Low
Northwest Arctic,Very Low
Petersburg,Very Low
Prince of Wales-Hyder,Very Low
Sitka,Very Low
Skagway,Very Low
Southeast Fairbanks,Relatively Low
Wrangell,Very Low
Yakutat,Very Low
Yukon-Koyukuk,Very Low
Apache,Very Low
Cochise,Relatively Moderate
Coconino,Relatively Moderate
Gila,Relatively Moderate
Graham,Relatively Low
Greenlee,Very Low
La Paz,Relatively Low
Maricopa,Relatively High
Mohave,Relatively Moderate
Navajo,Relatively Low
Pima,Relatively Moderate
Pinal,Relatively Moderate
Santa Cruz,Relatively Low
Yavapai,Relatively Moderate
Yuma,Relatively Moderate
Arkansas,Relatively Low
Ashley,Relatively Low
Baxter,Relatively Low
Benton,Relatively Moderate
Boone,Relatively Low
Bradley,Very Low
Calhoun,Very Low
Carroll,Relatively Low
Chicot,Relatively Low
Clark,Relatively Low
Clay,Relatively Low
Cleburne,Relatively Low
Cleveland,Very Low
Columbia,Relatively Low
Conway,Relatively Low
Craighead,Relatively Moderate
Crawford,Relatively Low
Crittenden,Relatively Low
Cross,Relatively Low
Dallas,Very Low
Desha,Very Low
Drew,Very Low
Faulkner,Relatively Moderate
Franklin,Relatively Low
Fulton,Very Low
Garland,Relatively Moderate
Grant,Very Low
Greene,Relatively Low
Hempstead,Relatively Low
Hot Spring,Relatively Low
Howard,Very Low
Independence,Relatively Low
Izard,Relatively Low
Jackson,Relatively Low
Jefferson,Relatively Moderate
Johnson,Relatively Low
Lafayette,Very Low
Lawrence,Relatively Low
Lee,Relatively Low
Lincoln,Very Low
Little River,Very Low
Logan,Relatively Low
Lonoke,Relatively Low
Madison,Relatively Low
Marion,Very Low
Miller,Relatively Low
Mississippi,Relatively Moderate
Monroe,Relatively Low
Montgomery,Very Low
Nevada,Very Low
Newton,Very Low
Ouachita,Relatively Low
Perry,Very Low
Phillips,Relatively Low
Pike,Very Low
Poinsett,Relatively Low
Polk,Very Low
Pope,Relatively Moderate
Prairie,Relatively Low
Pulaski,Relatively Moderate
Randolph,Relatively Low
St. Francis,Relatively Low
Saline,Relatively Low
Scott,Very Low
Searcy,Very Low
Sebastian,Relatively Moderate
Sevier,Very Low
Sharp,Relatively Low
Stone,Relatively Low
Union,Relatively Low
Van Buren,Relatively Low
Washington,Relatively Moderate
White,Relatively Moderate
Woodruff,Relatively Low
Yell,Relatively Low
Alameda,Very High
Alpine,Very Low
Amador,Relatively Low
Butte,Relatively High
Calaveras,Relatively Moderate
Colusa,Relatively Moderate
Contra Costa,Very High
Del Norte,Relatively Moderate
El Dorado,Relatively Moderate
Fresno,Relatively High
Glenn,Relatively Moderate
Humboldt,Relatively High
Imperial,Relatively High
Inyo,Relatively Low
Kern,Relatively High
Kings,Relatively Moderate
Lake,Relatively Moderate
Lassen,Relatively Low
Los Angeles,Very High
Madera,Relatively Moderate
Marin,Relatively High
Mariposa,Relatively Low
Mendocino,Relatively Moderate
Merced,Relatively Moderate
Modoc,Relatively Low
Mono,Relatively Low
Monterey,Relatively High
Napa,Relatively High
Nevada,Relatively Moderate
Orange,Very High
Placer,Relatively Moderate
Plumas,Relatively Low
Riverside,Very High
Sacramento,Relatively High
San Benito,Relatively Moderate
San Bernardino,Very High
San Diego,Very High
San Francisco,Relatively High
San Joaquin,Relatively High
San Luis Obispo,Relatively Moderate
San Mateo,Relatively High
Santa Barbara,Relatively High
Santa Clara,Very High
Santa Cruz,Relatively High
Shasta,Relatively Moderate
Sierra,Very Low
Siskiyou,Relatively Moderate
Solano,Relatively High
Sonoma,Relatively High
Stanislaus,Relatively High
Sutter,Relatively High
Tehama,Relatively Moderate
Trinity,Relatively Low
Tulare,Relatively High
Tuolumne,Relatively Moderate
Ventura,Relatively High
Yolo,Relatively High
Yuba,Relatively Moderate
Adams,Relatively Moderate
Alamosa,Very Low
Arapahoe,Relatively Moderate
Archuleta,Very Low
Baca,Very Low
Bent,Very Low
Boulder,Relatively Moderate
Broomfield,Relatively Low
Chaffee,Very Low
Cheyenne,Very Low
Clear Creek,Very Low
Conejos,Very Low
Costilla,Very Low
Crowley,Very Low
Custer,Very Low
Delta,Very Low
Denver,Relatively Moderate
Dolores,Very Low
Douglas,Relatively Low
Eagle,Very Low
Elbert,Very Low
El Paso,Relatively Moderate
Fremont,Very Low
Garfield,Relatively Low
Gilpin,Very Low
Grand,Very Low
Gunnison,Very Low
Hinsdale,Very Low
Huerfano,Very Low
Jackson,Very Low
Jefferson,Relatively Moderate
Kiowa,Very Low
Kit Carson,Relatively Low
Lake,Very Low
La Plata,Relatively Low
Larimer,Relatively Moderate
Las Animas,Very Low
Lincoln,Very Low
Logan,Relatively Low
Mesa,Very Low
Mineral,Very Low
Moffat,Very Low
Montezuma,Very Low
Montrose,Very Low
Morgan,Relatively Low
Otero,Very Low
Ouray,Very Low
Park,Very Low
Phillips,Very Low
Pitkin,Very Low
Prowers,Very Low
Pueblo,Relatively Low
Rio Blanco,Very Low
Rio Grande,Very Low
Routt,Very Low
Saguache,Very Low
San Juan,Very Low
San Miguel,Very Low
Sedgwick,Very Low
Summit,Very Low
Teller,Relatively Low
Washington,Very Low
Weld,Relatively Moderate
Yuma,Relatively Low
Fairfield,Relatively High
Hartford,Relatively Moderate
Litchfield,Relatively Low
Middlesex,Relatively Low
New Haven,Relatively Moderate
New London,Relatively Moderate
Tolland,Relatively Low
Windham,Relatively Low
Kent,Relatively Moderate
New Castle,Relatively Moderate
Sussex,Relatively Moderate
District of Columbia,Relatively Moderate
Alachua,Relatively Moderate
Baker,Very Low
Bay,Relatively High
Bradford,Relatively Low
Brevard,Relatively High
Broward,Very High
Calhoun,Relatively Low
Charlotte,Relatively High
Citrus,Relatively High
Clay,Relatively Moderate
Collier,Relatively High
Columbia,Relatively Moderate
DeSoto,Relatively Moderate
Dixie,Relatively Low
Duval,Relatively High
Escambia,Relatively High
Flagler,Relatively Moderate
Franklin,Relatively Low
Gadsden,Relatively Low
Gilchrist,Relatively Low
Glades,Relatively Low
Gulf,Relatively Low
Hamilton,Relatively Low
Hardee,Relatively Low
Hendry,Relatively Moderate
Hernando,Relatively High
Highlands,Relatively Moderate
Hillsborough,Very High
Holmes,Relatively Moderate
Indian River,Relatively High
Jackson,Relatively Moderate
Jefferson,Relatively Low
Lafayette,Relatively Low
Lake,Relatively Moderate
Lee,Relatively High
Leon,Relatively Moderate
Levy,Relatively Moderate
Liberty,Very Low
Madison,Relatively Low
Manatee,Relatively High
Marion,Relatively High
Martin,Relatively High
Miami-Dade,Very High
Monroe,Relatively High
Nassau,Relatively Moderate
Okaloosa,Relatively High
Okeechobee,Relatively Moderate
Orange,Relatively High
Osceola,Relatively Moderate
Palm Beach,Very High
Pasco,Relatively High
Pinellas,Relatively High
Polk,Relatively High
Putnam,Relatively Moderate
St. Johns,Relatively Moderate
St. Lucie,Relatively High
Santa Rosa,Relatively High
Sarasota,Relatively High
Seminole,Relatively High
Sumter,Relatively Moderate
Suwannee,Relatively Low
Taylor,Relatively Low
Union,Very Low
Volusia,Relatively High
Wakulla,Relatively Low
Walton,Relatively Moderate
Washington,Relatively Moderate
Appling,Relatively Low
Atkinson,Very Low
Bacon,Relatively Low
Baker,Very Low
Baldwin,Very Low
Banks,Very Low
Barrow,Relatively Low
Bartow,Relatively Low
Ben Hill,Very Low
Berrien,Relatively Low
Bibb,Relatively Low
Bleckley,Very Low
Brantley,Relatively Low
Brooks,Relatively Low
Bryan,Relatively Moderate
Bulloch,Relatively Moderate
Burke,Relatively Low
Butts,Very Low
Calhoun,Very Low
Camden,Relatively Moderate
Candler,Very Low
Carroll,Relatively Low
Catoosa,Relatively Low
Charlton,Relatively Low
Chatham,Relatively High
Chattahoochee,Very Low
Chattooga,Relatively Low
Cherokee,Relatively Low
Clarke,Relatively Low
Clay,Very Low
Clayton,Relatively Moderate
Clinch,Very Low
Cobb,Relatively Moderate
Coffee,Relatively Low
Colquitt,Relatively Low
Columbia,Relatively Low
Cook,Relatively Low
Coweta,Relatively Low
Crawford,Very Low
Crisp,Relatively Low
Dade,Very Low
Dawson,Very Low
Decatur,Relatively Low
DeKalb,Relatively Moderate
Dodge,Very Low
Dooly,Very Low
Dougherty,Relatively Low
Douglas,Relatively Low
Early,Relatively Low
Echols,Very Low
Effingham,Relatively Low
Elbert,Very Low
Emanuel,Relatively Low
Evans,Relatively Low
Fannin,Very Low
Fayette,Relatively Low
Floyd,Relatively Low
Forsyth,Relatively Low
Franklin,Very Low
Fulton,Relatively Moderate
Gilmer,Relatively Low
Glascock,Very Low
Glynn,Relatively Moderate
Gordon,Relatively Low
Grady,Relatively Low
Greene,Very Low
Gwinnett,Relatively Moderate
Habersham,Very Low
Hall,Relatively Low
Hancock,Very Low
Haralson,Very Low
Harris,Very Low
Hart,Very Low
Heard,Very Low
Henry,Relatively Low
Houston,Relatively Low
Irwin,Very Low
Jackson,Relatively Low
Jasper,Very Low
Jeff Davis,Very Low
Jefferson,Very Low
Jenkins,Very Low
Johnson,Very Low
Jones,Very Low
Lamar,Very Low
Lanier,Very Low
Laurens,Relatively Low
Lee,Very Low
Liberty,Relatively Moderate
Lincoln,Very Low
Long,Relatively Low
Lowndes,Relatively Low
Lumpkin,Very Low
McDuffie,Very Low
McIntosh,Relatively Low
Macon,Very Low
Madison,Very Low
Marion,Very Low
Meriwether,Very Low
Miller,Very Low
Mitchell,Relatively Low
Monroe,Very Low
Montgomery,Very Low
Morgan,Very Low
Murray,Relatively Low
Muscogee,Relatively Low
Newton,Relatively Low
Oconee,Very Low
Oglethorpe,Very Low
Paulding,Relatively Low
Peach,Very Low
Pickens,Very Low
Pierce,Relatively Low
Pike,Very Low
Polk,Relatively Low
Pulaski,Very Low
Putnam,Very Low
Quitman,Very Low
Rabun,Very Low
Randolph,Very Low
Richmond,Relatively Moderate
Rockdale,Relatively Low
Schley,Very Low
Screven,Relatively Low
Seminole,Relatively Low
Spalding,Very Low
Stephens,Very Low
Stewart,Very Low
Sumter,Relatively Low
Talbot,Very Low
Taliaferro,Very Low
Tattnall,Relatively Moderate
Taylor,Very Low
Telfair,Very Low
Terrell,Very Low
Thomas,Relatively Moderate
Tift,Relatively Low
Toombs,Relatively Low
Towns,Very Low
Treutlen,Very Low
Troup,Relatively Low
Turner,Very Low
Twiggs,Very Low
Union,Very Low
Upson,Very Low
Walker,Relatively Low
Walton,Relatively Low
Ware,Relatively Low
Warren,Very Low
Washington,Very Low
Wayne,Relatively Low
Webster,Very Low
Wheeler,Very Low
White,Very Low
Whitfield,Relatively Low
Wilcox,Very Low
Wilkes,Very Low
Wilkinson,Very Low
Worth,Relatively Low
Hawaii,Relatively High
Honolulu,Relatively Moderate
Kalawao,Very Low
Kauai,Relatively Low
Maui,Relatively Moderate
Ada,Relatively Moderate
Adams,Relatively Low
Bannock,Relatively Low
Bear Lake,Very Low
Benewah,Very Low
Bingham,Relatively Low
Blaine,Very Low
Boise,Relatively Low
Bonner,Very Low
Bonneville,Relatively Low
Boundary,Very Low
Butte,Very Low
Camas,Very Low
Canyon,Relatively Low
Caribou,Very Low
Cassia,Relatively Low
Clark,Very Low
Clearwater,Very Low
Custer,Very Low
Elmore,Relatively Low
Franklin,Very Low
Fremont,Very Low
Gem,Relatively Low
Gooding,Very Low
Idaho,Relatively Low
Jefferson,Very Low
Jerome,Very Low
Kootenai,Relatively Low
Latah,Very Low
Lemhi,Very Low
Lewis,Very Low
Lincoln,Very Low
Madison,Very Low
Minidoka,Very Low
Nez Perce,Very Low
Oneida,Very Low
Owyhee,Very Low
Payette,Very Low
Power,Very Low
Shoshone,Very Low
Teton,Very Low
Twin Falls,Relatively Low
Valley,Relatively Low
Washington,Very Low
Adams,Relatively Low
Alexander,Relatively Low
Bond,Very Low
Boone,Relatively Low
Brown,Very Low
Bureau,Relatively Low
Calhoun,Very Low
Carroll,Very Low
Cass,Very Low
Champaign,Relatively Moderate
Christian,Relatively Low
Clark,Very Low
Clay,Very Low
Clinton,Relatively Low
Coles,Relatively Low
Cook,Very High
Crawford,Relatively Low
Cumberland,Very Low
DeKalb,Relatively Low
De Witt,Very Low
Douglas,Very Low
DuPage,Relatively Moderate
Edgar,Very Low
Edwards,Very Low
Effingham,Relatively Low
Fayette,Very Low
Ford,Very Low
Franklin,Relatively Low
Fulton,Relatively Low
Gallatin,Very Low
Greene,Very Low
Grundy,Relatively Low
Hamilton,Relatively Low
Hancock,Very Low
Hardin,Very Low
Henderson,Very Low
Henry,Relatively Low
Iroquois,Very Low
Jackson,Relatively Moderate
Jasper,Very Low
Jefferson,Relatively Low
Jersey,Very Low
Jo Daviess,Very Low
Johnson,Relatively Low
Kane,Relatively Moderate
Kankakee,Relatively Low
Kendall,Relatively Low
Knox,Relatively Low
Lake,Relatively Moderate
LaSalle,Relatively Low
Lawrence,Very Low
Lee,Relatively Low
Livingston,Very Low
Logan,Relatively Low
McDonough,Very Low
McHenry,Relatively Moderate
McLean,Relatively Low
Macon,Relatively Low
Macoupin,Relatively Low
Madison,Relatively Moderate
Marion,Relatively Low
Marshall,Very Low
Mason,Very Low
Massac,Relatively Low
Menard,Very Low
Mercer,Very Low
Monroe,Relatively Low
Montgomery,Relatively Low
Morgan,Relatively Low
Moultrie,Very Low
Ogle,Relatively Low
Peoria,Relatively Moderate
Perry,Relatively Low
Piatt,Very Low
Pike,Very Low
Pope,Very Low
Pulaski,Very Low
Putnam,Very Low
Randolph,Relatively Low
Richland,Very Low
Rock Island,Relatively Low
St. Clair,Relatively Moderate
Saline,Relatively Low
Sangamon,Relatively Moderate
Schuyler,Very Low
Scott,Very Low
Shelby,Very Low
Stark,Very Low
Stephenson,Relatively Low
Tazewell,Relatively Low
Union,Relatively Low
Vermilion,Relatively Low
Wabash,Very Low
Warren,Very Low
Washington,Very Low
Wayne,Very Low
White,Relatively Low
Whiteside,Relatively Low
Will,Relatively Moderate
Williamson,Relatively Moderate
Winnebago,Relatively Moderate
Woodford,Relatively Low
Adams,Very Low
Allen,Relatively Moderate
Bartholomew,Relatively Low
Benton,Very Low
Blackford,Very Low
Boone,Very Low
Brown,Very Low
Carroll,Very Low
Cass,Very Low
Clark,Relatively Low
Clay,Very Low
Clinton,Very Low
Crawford,Very Low
Daviess,Relatively Low
Dearborn,Very Low
Decatur,Very Low
DeKalb,Very Low
Delaware,Relatively Low
Dubois,Relatively Low
Elkhart,Relatively Low
Fayette,Very Low
Floyd,Relatively Low
Fountain,Very Low
Franklin,Very Low
Fulton,Very Low
Gibson,Relatively Low
Grant,Relatively Low
Greene,Relatively Low
Hamilton,Relatively Moderate
Hancock,Relatively Low
Harrison,Relatively Low
Hendricks,Relatively Low
Henry,Relatively Low
Howard,Relatively Low
Huntington,Very Low
Jackson,Relatively Low
Jasper,Very Low
Jay,Very Low
Jefferson,Relatively Low
Jennings,Very Low
Johnson,Relatively Low
Knox,Relatively Low
Kosciusko,Relatively Low
LaGrange,Relatively Low
Lake,Relatively Moderate
LaPorte,Relatively Low
Lawrence,Relatively Low
Madison,Relatively Low
Marion,Relatively Moderate
Marshall,Very Low
Martin,Very Low
Miami,Very Low
Monroe,Relatively Low
Montgomery,Relatively Low
Morgan,Relatively Low
Newton,Very Low
Noble,Relatively Low
Ohio,Very Low
Orange,Very Low
Owen,Very Low
Parke,Very Low
Perry,Very Low
Pike,Very Low
Porter,Relatively Low
Posey,Relatively Low
Pulaski,Very Low
Putnam,Very Low
Randolph,Very Low
Ripley,Relatively Low
Rush,Very Low
St. Joseph,Relatively Low
Scott,Very Low
Shelby,Relatively Low
Spencer,Very Low
Starke,Very Low
Steuben,Very Low
Sullivan,Very Low
Switzerland,Very Low
Tippecanoe,Relatively Low
Tipton,Very Low
Union,Very Low
Vanderburgh,Relatively Moderate
Vermillion,Very Low
Vigo,Relatively Low
Wabash,Very Low
Warren,Very Low
Warrick,Relatively Low
Washington,Relatively Low
Wayne,Relatively Low
Wells,Very Low
White,Very Low
Whitley,Very Low
Adair,Very Low
Adams,Very Low
Allamakee,Very Low
Appanoose,Very Low
Audubon,Very Low
Benton,Relatively Low
Black Hawk,Relatively Low
Boone,Very Low
Bremer,Very Low
Buchanan,Very Low
Buena Vista,Relatively Low
Butler,Very Low
Calhoun,Relatively Low
Carroll,Relatively Low
Cass,Very Low
Cedar,Very Low
Cerro Gordo,Relatively Low
Cherokee,Very Low
Chickasaw,Very Low
Clarke,Very Low
Clay,Relatively Low
Clayton,Relatively Low
Clinton,Relatively Low
Crawford,Relatively Low
Dallas,Relatively Low
Davis,Very Low
Decatur,Very Low
Delaware,Relatively Low
Des Moines,Relatively Low
Dickinson,Very Low
Dubuque,Relatively Low
Emmet,Very Low
Fayette,Relatively Low
Floyd,Very Low
Franklin,Very Low
Fremont,Very Low
Greene,Very Low
Grundy,Very Low
Guthrie,Relatively Low
Hamilton,Very Low
Hancock,Very Low
Hardin,Relatively Low
Harrison,Relatively Low
Henry,Very Low
Howard,Very Low
Humboldt,Very Low
Ida,Very Low
Iowa,Relatively Low
Jackson,Relatively Low
Jasper,Relatively Low
Jefferson,Very Low
Johnson,Relatively Moderate
Jones,Relatively Low
Keokuk,Very Low
Kossuth,Relatively Low
Lee,Relatively Low
Linn,Relatively Moderate
Louisa,Relatively Low
Lucas,Very Low
Lyon,Very Low
Madison,Very Low
Mahaska,Very Low
Marion,Very Low
Marshall,Relatively Low
Mills,Very Low
Mitchell,Very Low
Monona,Very Low
Monroe,Very Low
Montgomery,Very Low
Muscatine,Relatively Low
O'Brien,Relatively Low
Osceola,Relatively Low
Page,Very Low
Palo Alto,Very Low
Plymouth,Very Low
Pocahontas,Very Low
Polk,Relatively Moderate
Pottawattamie,Relatively Moderate
Poweshiek,Relatively Low
Ringgold,Very Low
Sac,Relatively Low
Scott,Relatively Low
Shelby,Very Low
Sioux,Relatively Low
Story,Relatively Low
Tama,Relatively Low
Taylor,Very Low
Union,Very Low
Van Buren,Very Low
Wapello,Relatively Low
Warren,Very Low
Washington,Relatively Low
Wayne,Very Low
Webster,Relatively Low
Winnebago,Very Low
Winneshiek,Very Low
Woodbury,Relatively Moderate
Worth,Very Low
Wright,Very Low
Allen,Very Low
Anderson,Very Low
Atchison,Very Low
Barber,Very Low
Barton,Relatively Low
Bourbon,Very Low
Brown,Very Low
Butler,Relatively Low
Chase,Very Low
Chautauqua,Very Low
Cherokee,Relatively Low
Cheyenne,Very Low
Clark,Very Low
Clay,Very Low
Cloud,Very Low
Coffey,Very Low
Comanche,Very Low
Cowley,Relatively Low
Crawford,Relatively Low
Decatur,Very Low
Dickinson,Very Low
Doniphan,Very Low
Douglas,Relatively Low
Edwards,Very Low
Elk,Very Low
Ellis,Very Low
Ellsworth,Very Low
Finney,Relatively Low
Ford,Relatively Low
Franklin,Relatively Low
Geary,Relatively Low
Gove,Very Low
Graham,Very Low
Grant,Very Low
Gray,Very Low
Greeley,Very Low
Greenwood,Very Low
Hamilton,Very Low
Harper,Very Low
Harvey,Relatively Low
Haskell,Very Low
Hodgeman,Very Low
Jackson,Very Low
Jefferson,Very Low
Jewell,Very Low
Johnson,Relatively Moderate
Kearny,Very Low
Kingman,Very Low
Kiowa,Very Low
Labette,Relatively Low
Lane,Very Low
Leavenworth,Relatively Low
Lincoln,Very Low
Linn,Very Low
Logan,Very Low
Lyon,Relatively Low
McPherson,Relatively Low
Marion,Relatively Low
Marshall,Very Low
Meade,Very Low
Miami,Relatively Low
Mitchell,Very Low
Montgomery,Relatively Low
Morris,Very Low
Morton,Very Low
Nemaha,Very Low
Neosho,Relatively Low
Ness,Very Low
Norton,Very Low
Osage,Very Low
Osborne,Very Low
Ottawa,Very Low
Pawnee,Very Low
Phillips,Very Low
Pottawatomie,Very Low
Pratt,Very Low
Rawlins,Very Low
Reno,Relatively Moderate
Republic,Very Low
Rice,Very Low
Riley,Relatively Low
Rooks,Very Low
Rush,Very Low
Russell,Very Low
Saline,Relatively Low
Scott,Very Low
Sedgwick,Relatively Moderate
Seward,Relatively Low
Shawnee,Relatively Low
Sheridan,Very Low
Sherman,Very Low
Smith,Very Low
Stafford,Very Low
Stanton,Very Low
Stevens,Very Low
Sumner,Relatively Low
Thomas,Very Low
Trego,Very Low
Wabaunsee,Very Low
Wallace,Very Low
Washington,Very Low
Wichita,Very Low
Wilson,Very Low
Woodson,Very Low
Wyandotte,Relatively Moderate
Adair,Very Low
Allen,Very Low
Anderson,Very Low
Ballard,Very Low
Barren,Relatively Low
Bath,Very Low
Bell,Relatively Low
Boone,Relatively Low
Bourbon,Very Low
Boyd,Very Low
Boyle,Very Low
Bracken,Very Low
Breathitt,Very Low
Breckinridge,Relatively Low
Bullitt,Relatively Low
Butler,Very Low
Caldwell,Relatively Low
Calloway,Relatively Low
Campbell,Relatively Low
Carlisle,Very Low
Carroll,Very Low
Carter,Relatively Low
Casey,Very Low
Christian,Relatively Moderate
Clark,Relatively Low
Clay,Very Low
Clinton,Very Low
Crittenden,Very Low
Cumberland,Very Low
Daviess,Relatively Moderate
Edmonson,Very Low
Elliott,Very Low
Estill,Very Low
Fayette,Relatively Moderate
Fleming,Very Low
Floyd,Relatively Low
Franklin,Relatively Low
Fulton,Relatively Low
Gallatin,Very Low
Garrard,Very Low
Grant,Very Low
Graves,Relatively Moderate
Grayson,Very Low
Green,Very Low
Greenup,Very Low
Hancock,Very Low
Hardin,Relatively Low
Harlan,Very Low
Harrison,Very Low
Hart,Very Low
Henderson,Relatively Low
Henry,Very Low
Hickman,Very Low
Hopkins,Relatively Low
Jackson,Very Low
Jefferson,Relatively High
Jessamine,Relatively Low
Johnson,Very Low
Kenton,Relatively Low
Knott,Very Low
Knox,Very Low
Larue,Very Low
Laurel,Relatively Low
Lawrence,Very Low
Lee,Very Low
Leslie,Very Low
Letcher,Very Low
Lewis,Very Low
Lincoln,Very Low
Livingston,Very Low
Logan,Relatively Low
Lyon,Very Low
McCracken,Relatively Moderate
McCreary,Very Low
McLean,Very Low
Madison,Relatively Low
Magoffin,Very Low
Marion,Very Low
Marshall,Relatively Low
Martin,Very Low
Mason,Very Low
Meade,Very Low
Menifee,Very Low
Mercer,Very Low
Metcalfe,Very Low
Monroe,Very Low
Montgomery,Very Low
Morgan,Very Low
Muhlenberg,Relatively Low
Nelson,Relatively Low
Nicholas,Very Low
Ohio,Relatively Low
Oldham,Relatively Low
Owen,Very Low
Owsley,Very Low
Pendleton,Relatively Low
Perry,Very Low
Pike,Relatively Low
Powell,Very Low
Pulaski,Relatively Low
Robertson,Very Low
Rockcastle,Very Low
Rowan,Very Low
Russell,Very Low
Scott,Relatively Low
Shelby,Relatively Low
Simpson,Very Low
Spencer,Very Low
Taylor,Very Low
Todd,Relatively Low
Trigg,Relatively Low
Trimble,Very Low
Union,Relatively Low
Warren,Relatively Moderate
Washington,Very Low
Wayne,Very Low
Webster,Relatively Low
Whitley,Relatively Low
Wolfe,Very Low
Woodford,Very Low
Acadia,Relatively Moderate
Allen,Relatively Low
Ascension,Relatively High
Assumption,Relatively Moderate
Avoyelles,Relatively Low
Beauregard,Relatively Low
Bienville,Very Low
Bossier,Relatively Moderate
Caddo,Relatively Moderate
Calcasieu,Relatively High
Caldwell,Very Low
Cameron,Relatively Low
Catahoula,Very Low
Claiborne,Very Low
Concordia,Relatively Low
De Soto,Relatively Low
East Baton Rouge,Relatively High
East Carroll,Very Low
East Feliciana,Relatively Low
Evangeline,Relatively Low
Franklin,Relatively Low
Grant,Very Low
Iberia,Relatively Moderate
Iberville,Relatively Low
Jackson,Very Low
Jefferson,Relatively High
Jefferson Davis,Relatively Moderate
Lafayette,Relatively High
Lafourche,Relatively Moderate
LaSalle,Very Low
Lincoln,Relatively Low
Livingston,Relatively High
Madison,Relatively Low
Morehouse,Relatively Low
Natchitoches,Relatively Low
Orleans,Relatively High
Ouachita,Relatively Moderate
Plaquemines,Relatively Low
Pointe Coupee,Relatively Low
Rapides,Relatively Moderate
Red River,Very Low
Richland,Relatively Low
Sabine,Relatively Low
St. Bernard,Relatively Moderate
St. Charles,Relatively Moderate
St. Helena,Relatively Low
St. James,Relatively Low
St. John the Baptist,Relatively Moderate
St. Landry,Relatively Moderate
St. Martin,Relatively Moderate
St. Mary,Relatively Moderate
St. Tammany,Relatively High
Tangipahoa,Relatively High
Tensas,Very Low
Terrebonne,Relatively High
Union,Very Low
Vermilion,Relatively Moderate
Vernon,Relatively Low
Washington,Relatively Moderate
Webster,Relatively Low
West Baton Rouge,Relatively Low
West Carroll,Very Low
West Feliciana,Very Low
Winn,Very Low
Androscoggin,Relatively Low
Aroostook,Relatively Low
Cumberland,Relatively Moderate
Franklin,Very Low
Hancock,Relatively Low
Kennebec,Relatively Low
Knox,Relatively Low
Lincoln,Relatively Low
Oxford,Relatively Low
Penobscot,Relatively Low
Piscataquis,Very Low
Sagadahoc,Very Low
Somerset,Relatively Low
Waldo,Relatively Low
Washington,Relatively Low
York,Relatively Moderate
Allegany,Very Low
Anne Arundel,Relatively Moderate
Baltimore,Relatively Moderate
Calvert,Relatively Low
Caroline,Relatively Low
Carroll,Relatively Low
Cecil,Relatively Low
Charles,Relatively Low
Dorchester,Relatively Low
Frederick,Relatively Low
Garrett,Very Low
Harford,Relatively Low
Howard,Relatively Low
Kent,Relatively Low
Montgomery,Relatively Moderate
Prince George's,Relatively Moderate
Queen Anne's,Relatively Low
St. Mary's,Relatively Low
Somerset,Relatively Low
Talbot,Relatively Low
Washington,Relatively Low
Wicomico,Relatively Moderate
Worcester,Relatively Moderate
Baltimore,Relatively Moderate
Barnstable,Relatively Moderate
Berkshire,Relatively Low
Bristol,Relatively Moderate
Dukes,Very Low
Essex,Relatively Moderate
Franklin,Relatively Low
Hampden,Relatively Moderate
Hampshire,Relatively Low
Middlesex,Relatively High
Nantucket,Relatively Moderate
Norfolk,Relatively Moderate
Plymouth,Relatively Moderate
Suffolk,Relatively Moderate
Worcester,Relatively Moderate
Alcona,Very Low
Alger,Very Low
Allegan,Relatively Low
Alpena,Very Low
Antrim,Very Low
Arenac,Very Low
Baraga,Very Low
Barry,Very Low
Bay,Relatively Low
Benzie,Very Low
Berrien,Relatively Low
Branch,Very Low
Calhoun,Relatively Low
Cass,Very Low
Charlevoix,Very Low
Cheboygan,Very Low
Chippewa,Very Low
Clare,Very Low
Clinton,Relatively Low
Crawford,Very Low
Delta,Very Low
Dickinson,Very Low
Eaton,Relatively Low
Emmet,Very Low
Genesee,Relatively Moderate
Gladwin,Very Low
Gogebic,Very Low
Grand Traverse,Very Low
Gratiot,Very Low
Hillsdale,Relatively Low
Houghton,Very Low
Huron,Very Low
Ingham,Relatively Moderate
Ionia,Relatively Low
Iosco,Very Low
Iron,Very Low
Isabella,Relatively Low
Jackson,Relatively Low
Kalamazoo,Relatively Low
Kalkaska,Very Low
Kent,Relatively Moderate
Keweenaw,Very Low
Lake,Very Low
Lapeer,Relatively Low
Leelanau,Very Low
Lenawee,Relatively Low
Livingston,Relatively Low
Luce,Very Low
Mackinac,Very Low
Macomb,Relatively Moderate
Manistee,Very Low
Marquette,Very Low
Mason,Very Low
Mecosta,Very Low
Menominee,Very Low
Midland,Relatively Low
Missaukee,Very Low
Monroe,Relatively Low
Montcalm,Relatively Low
Montmorency,Very Low
Muskegon,Relatively Low
Newaygo,Very Low
Oakland,Relatively High
Oceana,Very Low
Ogemaw,Very Low
Ontonagon,Very Low
Osceola,Very Low
Oscoda,Very Low
Otsego,Very Low
Ottawa,Relatively Low
Presque Isle,Very Low
Roscommon,Very Low
Saginaw,Relatively Low
St. Clair,Relatively Low
St. Joseph,Relatively Low
Sanilac,Very Low
Schoolcraft,Very Low
Shiawassee,Relatively Low
Tuscola,Relatively Low
Van Buren,Relatively Low
Washtenaw,Relatively Moderate
Wayne,Relatively High
Wexford,Very Low
Aitkin,Very Low
Anoka,Relatively Moderate
Becker,Very Low
Beltrami,Very Low
Benton,Relatively Low
Big Stone,Very Low
Blue Earth,Relatively Low
Brown,Relatively Low
Carlton,Very Low
Carver,Relatively Low
Cass,Very Low
Chippewa,Very Low
Chisago,Relatively Low
Clay,Relatively Low
Clearwater,Very Low
Cook,Very Low
Cottonwood,Very Low
Crow Wing,Very Low
Dakota,Relatively Moderate
Dodge,Very Low
Douglas,Very Low
Faribault,Very Low
Fillmore,Very Low
Freeborn,Relatively Low
Goodhue,Relatively Low
Grant,Very Low
Hennepin,Relatively High
Houston,Very Low
Hubbard,Very Low
Isanti,Very Low
Itasca,Very Low
Jackson,Very Low
Kanabec,Very Low
Kandiyohi,Relatively Low
Kittson,Very Low
Koochiching,Very Low
Lac qui Parle,Very Low
Lake,Very Low
Lake of the Woods,Very Low
Le Sueur,Very Low
Lincoln,Very Low
Lyon,Very Low
McLeod,Very Low
Mahnomen,Very Low
Marshall,Very Low
Martin,Relatively Low
Meeker,Very Low
Mille Lacs,Very Low
Morrison,Relatively Low
Mower,Relatively Low
Murray,Very Low
Nicollet,Relatively Low
Nobles,Relatively Low
Norman,Very Low
Olmsted,Relatively Low
Otter Tail,Relatively Low
Pennington,Very Low
Pine,Very Low
Pipestone,Very Low
Polk,Relatively Low
Pope,Very Low
Ramsey,Relatively Moderate
Red Lake,Very Low
Redwood,Very Low
Renville,Very Low
Rice,Relatively Low
Rock,Very Low
Roseau,Relatively Low
St. Louis,Relatively Low
Scott,Relatively Moderate
Sherburne,Relatively Low
Sibley,Very Low
Stearns,Relatively Low
Steele,Relatively Low
Stevens,Very Low
Swift,Very Low
Todd,Very Low
Traverse,Very Low
Wabasha,Relatively Low
Wadena,Very Low
Waseca,Very Low
Washington,Relatively Moderate
Watonwan,Very Low
Wilkin,Very Low
Winona,Relatively Low
Wright,Relatively Low
Yellow Medicine,Very Low
Adams,Relatively Low
Alcorn,Relatively Low
Amite,Relatively Low
Attala,Very Low
Benton,Very Low
Bolivar,Relatively Low
Calhoun,Very Low
Carroll,Very Low
Chickasaw,Relatively Low
Choctaw,Very Low
Claiborne,Very Low
Clarke,Relatively Low
Clay,Very Low
Coahoma,Relatively Low
Copiah,Relatively Low
Covington,Relatively Low
DeSoto,Relatively Moderate
Forrest,Relatively Moderate
Franklin,Very Low
George,Relatively Moderate
Greene,Relatively Low
Grenada,Relatively Low
Hancock,Relatively Moderate
Harrison,Relatively High
Hinds,Relatively Moderate
Holmes,Relatively Low
Humphreys,Very Low
Issaquena,Very Low
Itawamba,Very Low
Jackson,Relatively High
Jasper,Relatively Low
Jefferson,Very Low
Jefferson Davis,Very Low
Jones,Relatively Moderate
Kemper,Very Low
Lafayette,Relatively Low
Lamar,Relatively Low
Lauderdale,Relatively Moderate
Lawrence,Very Low
Leake,Relatively Low
Lee,Relatively Low
Leflore,Relatively Low
Lincoln,Relatively Low
Lowndes,Relatively Low
Madison,Relatively Moderate
Marion,Relatively Low
Marshall,Relatively Low
Monroe,Relatively Low
Montgomery,Very Low
Neshoba,Relatively Low
Newton,Relatively Low
Noxubee,Very Low
Oktibbeha,Relatively Low
Panola,Relatively Low
Pearl River,Relatively Moderate
Perry,Relatively Low
Pike,Relatively Low
Pontotoc,Relatively Low
Prentiss,Very Low
Quitman,Very Low
Rankin,Relatively Moderate
Scott,Relatively Low
Sharkey,Very Low
Simpson,Relatively Low
Smith,Relatively Low
Stone,Relatively Low
Sunflower,Relatively Low
Tallahatchie,Very Low
Tate,Relatively Low
Tippah,Relatively Low
Tishomingo,Very Low
Tunica,Relatively Low
Union,Very Low
Walthall,Relatively Low
Warren,Relatively Low
Washington,Relatively Moderate
Wayne,Relatively Low
Webster,Very Low
Wilkinson,Very Low
Winston,Relatively Low
Yalobusha,Very Low
Yazoo,Relatively Low
Adair,Relatively Low
Andrew,Relatively Low
Atchison,Very Low
Audrain,Very Low
Barry,Relatively Low
Barton,Relatively Low
Bates,Very Low
Benton,Relatively Low
Bollinger,Relatively Low
Boone,Relatively Moderate
Buchanan,Relatively Low
Butler,Relatively Moderate
Caldwell,Very Low
Callaway,Relatively Low
Camden,Relatively Low
Cape Girardeau,Relatively Moderate
Carroll,Very Low
Carter,Very Low
Cass,Relatively Low
Cedar,Very Low
Chariton,Very Low
Christian,Relatively Low
Clark,Very Low
Clay,Relatively Moderate
Clinton,Relatively Low
Cole,Relatively Low
Cooper,Very Low
Crawford,Relatively Low
Dade,Very Low
Dallas,Relatively Low
Daviess,Very Low
DeKalb,Very Low
Dent,Very Low
Douglas,Very Low
Dunklin,Relatively Moderate
Franklin,Relatively Low
Gasconade,Very Low
Gentry,Very Low
Greene,Relatively Moderate
Grundy,Very Low
Harrison,Very Low
Henry,Very Low
Hickory,Very Low
Holt,Very Low
Howard,Very Low
Howell,Relatively Low
Iron,Relatively Low
Jackson,Relatively High
Jasper,Relatively Moderate
Jefferson,Relatively Moderate
Johnson,Relatively Low
Knox,Very Low
Laclede,Relatively Low
Lafayette,Very Low
Lawrence,Relatively Low
Lewis,Very Low
Lincoln,Relatively Low
Linn,Very Low
Livingston,Very Low
McDonald,Relatively Low
Macon,Very Low
Madison,Relatively Low
Maries,Very Low
Marion,Very Low
Mercer,Very Low
Miller,Relatively Low
Mississippi,Relatively Low
Moniteau,Very Low
Monroe,Very Low
Montgomery,Very Low
Morgan,Relatively Low
New Madrid,Relatively Moderate
Newton,Relatively Low
Nodaway,Relatively Low
Oregon,Relatively Low
Osage,Very Low
Ozark,Very Low
Pemiscot,Relatively Low
Perry,Relatively Low
Pettis,Relatively Low
Phelps,Relatively Low
Pike,Very Low
Platte,Relatively Low
Polk,Relatively Low
Pulaski,Relatively Low
Putnam,Very Low
Ralls,Very Low
Randolph,Very Low
Ray,Very Low
Reynolds,Very Low
Ripley,Relatively Low
St. Charles,Relatively Moderate
St. Clair,Very Low
Ste. Genevieve,Very Low
St. Francois,Relatively Low
St. Louis,Relatively High
Saline,Very Low
Schuyler,Very Low
Scotland,Very Low
Scott,Relatively Moderate
Shannon,Very Low
Shelby,Very Low
Stoddard,Relatively Low
Stone,Relatively Low
Sullivan,Very Low
Taney,Relatively Low
Texas,Relatively Low
Vernon,Very Low
Warren,Relatively Low
Washington,Relatively Low
Wayne,Relatively Low
Webster,Relatively Low
Worth,Very Low
Wright,Relatively Low
St. Louis,Relatively Moderate
Beaverhead,Very Low
Big Horn,Very Low
Blaine,Very Low
Broadwater,Very Low
Carbon,Very Low
Carter,Very Low
Cascade,Relatively Low
Chouteau,Very Low
Custer,Very Low
Daniels,Very Low
Dawson,Very Low
Deer Lodge,Very Low
Fallon,Very Low
Fergus,Very Low
Flathead,Relatively Moderate
Gallatin,Relatively Low
Garfield,Very Low
Glacier,Very Low
Golden Valley,Very Low
Granite,Very Low
Hill,Very Low
Jefferson,Very Low
Judith Basin,Very Low
Lake,Relatively Low
Lewis and Clark,Relatively Low
Liberty,Very Low
Lincoln,Very Low
McCone,Very Low
Madison,Very Low
Meagher,Very Low
Mineral,Very Low
Missoula,Relatively Low
Musselshell,Very Low
Park,Very Low
Petroleum,Very Low
Phillips,Very Low
Pondera,Very Low
Powder River,Very Low
Powell,Very Low
Prairie,Very Low
Ravalli,Relatively Moderate
Richland,Very Low
Roosevelt,Relatively Low
Rosebud,Very Low
Sanders,Very Low
Sheridan,Very Low
Silver Bow,Relatively Low
Stillwater,Very Low
Sweet Grass,Very Low
Teton,Very Low
Toole,Very Low
Treasure,Very Low
Valley,Very Low
Wheatland,Very Low
Wibaux,Very Low
Yellowstone,Relatively Low
Adams,Relatively Low
Antelope,Very Low
Arthur,Very Low
Banner,Very Low
Blaine,Very Low
Boone,Very Low
Box Butte,Very Low
Boyd,Very Low
Brown,Very Low
Buffalo,Relatively Low
Burt,Very Low
Butler,Very Low
Cass,Very Low
Cedar,Very Low
Chase,Very Low
Cherry,Very Low
Cheyenne,Very Low
Clay,Relatively Low
Colfax,Very Low
Cuming,Very Low
Custer,Very Low
Dakota,Relatively Low
Dawes,Very Low
Dawson,Relatively Low
Deuel,Very Low
Dixon,Very Low
Dodge,Relatively Low
Douglas,Relatively High
Dundy,Very Low
Fillmore,Relatively Low
Franklin,Very Low
Frontier,Very Low
Furnas,Relatively Low
Gage,Relatively Low
Garden,Very Low
Garfield,Very Low
Gosper,Very Low
Grant,Very Low
Greeley,Very Low
Hall,Relatively Moderate
Hamilton,Relatively Low
Harlan,Relatively Low
Hayes,Very Low
Hitchcock,Very Low
Holt,Very Low
Hooker,Very Low
Howard,Relatively Low
Jefferson,Very Low
Johnson,Very Low
Kearney,Relatively Low
Keith,Very Low
Keya Paha,Very Low
Kimball,Very Low
Knox,Very Low
Lancaster,Relatively Moderate
Lincoln,Relatively Low
Logan,Very Low
Loup,Very Low
McPherson,Very Low
Madison,Relatively Low
Merrick,Relatively Low
Morrill,Very Low
Nance,Very Low
Nemaha,Very Low
Nuckolls,Very Low
Otoe,Very Low
Pawnee,Very Low
Perkins,Very Low
Phelps,Relatively Low
Pierce,Very Low
Platte,Relatively Low
Polk,Relatively Low
Red Willow,Very Low
Richardson,Very Low
Rock,Very Low
Saline,Relatively Low
Sarpy,Relatively Moderate
Saunders,Relatively Low
Scotts Bluff,Relatively Low
Seward,Relatively Low
Sheridan,Very Low
Sherman,Very Low
Sioux,Very Low
Stanton,Very Low
Thayer,Relatively Low
Thomas,Very Low
Thurston,Very Low
Valley,Very Low
Washington,Relatively Low
Wayne,Very Low
Webster,Relatively Low
Wheeler,Very Low
York,Relatively Low
Churchill,Relatively Low
Clark,Relatively High
Douglas,Relatively Moderate
Elko,Relatively Moderate
Esmeralda,Very Low
Eureka,Relatively Low
Humboldt,Relatively Moderate
Lander,Relatively Low
Lincoln,Relatively Low
Lyon,Relatively Moderate
Mineral,Very Low
Nye,Relatively Low
Pershing,Relatively Low
Storey,Relatively Low
Washoe,Relatively High
White Pine,Very Low
Carson City,Relatively Moderate
Belknap,Very Low
Carroll,Relatively Low
Cheshire,Relatively Low
Coos,Very Low
Grafton,Relatively Low
Hillsborough,Relatively Moderate
Merrimack,Relatively Low
Rockingham,Relatively Moderate
Strafford,Relatively Low
Sullivan,Very Low
Atlantic,Relatively High
Bergen,Relatively High
Burlington,Relatively Moderate
Camden,Relatively Moderate
Cape May,Relatively Moderate
Cumberland,Relatively Moderate
Essex,Relatively Moderate
Gloucester,Relatively Moderate
Hudson,Relatively Moderate
Hunterdon,Relatively Low
Mercer,Relatively Moderate
Middlesex,Relatively High
Monmouth,Relatively High
Morris,Relatively Moderate
Ocean,Relatively High
Passaic,Relatively Moderate
Salem,Relatively Low
Somerset,Relatively Moderate
Sussex,Relatively Low
Union,Relatively Moderate
Warren,Relatively Low
Bernalillo,Relatively Moderate
Catron,Very Low
Chaves,Relatively Low
Cibola,Very Low
Colfax,Relatively Low
Curry,Relatively Low
De Baca,Very Low
Do√±a Ana,Relatively Moderate
Eddy,Relatively Low
Grant,Relatively Low
Guadalupe,Very Low
Harding,Very Low
Hidalgo,Very Low
Lea,Relatively Moderate
Lincoln,Relatively Low
Los Alamos,Very Low
Luna,Relatively Low
McKinley,Relatively Low
Mora,Very Low
Otero,Relatively Moderate
Quay,Very Low
Rio Arriba,Relatively Low
Roosevelt,Relatively Moderate
Sandoval,Relatively Low
San Juan,Relatively Low
San Miguel,Relatively Low
Santa Fe,Relatively Low
Sierra,Very Low
Socorro,Relatively Low
Taos,Relatively Low
Torrance,Very Low
Union,Very Low
Valencia,Relatively Low
Albany,Relatively Low
Allegany,Very Low
Bronx,Relatively High
Broome,Relatively Moderate
Cattaraugus,Relatively Low
Cayuga,Very Low
Chautauqua,Relatively Low
Chemung,Relatively Low
Chenango,Relatively Low
Clinton,Very Low
Columbia,Relatively Low
Cortland,Very Low
Delaware,Relatively Low
Dutchess,Relatively Low
Erie,Relatively Moderate
Essex,Relatively Low
Franklin,Very Low
Fulton,Very Low
Genesee,Very Low
Greene,Relatively Low
Hamilton,Very Low
Herkimer,Very Low
Jefferson,Very Low
Kings,Relatively High
Lewis,Very Low
Livingston,Very Low
Madison,Very Low
Monroe,Relatively Low
Montgomery,Very Low
Nassau,Relatively High
New York,Relatively High
Niagara,Very Low
Oneida,Relatively Low
Onondaga,Relatively Low
Ontario,Very Low
Orange,Relatively Moderate
Orleans,Very Low
Oswego,Very Low
Otsego,Relatively Low
Putnam,Relatively Low
Queens,Relatively High
Rensselaer,Relatively Low
Richmond,Relatively Moderate
Rockland,Relatively Moderate
St. Lawrence,Very Low
Saratoga,Relatively Low
Schenectady,Relatively Low
Schoharie,Very Low
Schuyler,Very Low
Seneca,Very Low
Steuben,Relatively Low
Suffolk,Relatively High
Sullivan,Relatively Low
Tioga,Relatively Low
Tompkins,Very Low
Ulster,Relatively Low
Warren,Very Low
Washington,Very Low
Wayne,Very Low
Westchester,Relatively Moderate
Wyoming,Very Low
Yates,Very Low
Alamance,Relatively Low
Alexander,Very Low
Alleghany,Very Low
Anson,Relatively Low
Ashe,Very Low
Avery,Very Low
Beaufort,Relatively Moderate
Bertie,Relatively Low
Bladen,Relatively Moderate
Brunswick,Relatively High
Buncombe,Relatively Low
Burke,Relatively Low
Cabarrus,Relatively Low
Caldwell,Relatively Low
Camden,Relatively Low
Carteret,Relatively High
Caswell,Very Low
Catawba,Relatively Low
Chatham,Relatively Low
Cherokee,Very Low
Chowan,Relatively Low
Clay,Very Low
Cleveland,Relatively Low
Columbus,Relatively Moderate
Craven,Relatively High
Cumberland,Relatively Moderate
Currituck,Relatively Low
Dare,Relatively High
Davidson,Relatively Low
Davie,Very Low
Duplin,Relatively Moderate
Durham,Relatively Moderate
Edgecombe,Relatively Low
Forsyth,Relatively Low
Franklin,Relatively Low
Gaston,Relatively Low
Gates,Very Low
Graham,Very Low
Granville,Relatively Low
Greene,Relatively Low
Guilford,Relatively Moderate
Halifax,Relatively Low
Harnett,Relatively Moderate
Haywood,Relatively Low
Henderson,Relatively Low
Hertford,Relatively Low
Hoke,Relatively Low
Hyde,Relatively Low
Iredell,Relatively Low
Jackson,Very Low
Johnston,Relatively Moderate
Jones,Relatively Low
Lee,Relatively Low
Lenoir,Relatively Moderate
Lincoln,Relatively Low
McDowell,Relatively Low
Macon,Very Low
Madison,Very Low
Martin,Relatively Low
Mecklenburg,Relatively Moderate
Mitchell,Very Low
Montgomery,Relatively Low
Moore,Relatively Low
Nash,Relatively Moderate
New Hanover,Relatively High
Northampton,Relatively Low
Onslow,Relatively High
Orange,Relatively Low
Pamlico,Relatively Moderate
Pasquotank,Relatively Moderate
Pender,Relatively Moderate
Perquimans,Relatively Low
Person,Very Low
Pitt,Relatively Moderate
Polk,Very Low
Randolph,Relatively Low
Richmond,Relatively Low
Robeson,Relatively Moderate
Rockingham,Relatively Low
Rowan,Relatively Low
Rutherford,Relatively Low
Sampson,Relatively Moderate
Scotland,Relatively Low
Stanly,Relatively Low
Stokes,Very Low
Surry,Very Low
Swain,Very Low
Transylvania,Very Low
Tyrrell,Relatively Low
Union,Relatively Moderate
Vance,Relatively Low
Wake,Relatively Moderate
Warren,Relatively Low
Washington,Relatively Moderate
Watauga,Relatively Low
Wayne,Relatively Moderate
Wilkes,Relatively Low
Wilson,Relatively Moderate
Yadkin,Very Low
Yancey,Very Low
Adams,Very Low
Barnes,Very Low
Benson,Very Low
Billings,Very Low
Bottineau,Very Low
Bowman,Very Low
Burke,Very Low
Burleigh,Relatively Low
Cass,Relatively Moderate
Cavalier,Very Low
Dickey,Very Low
Divide,Very Low
Dunn,Very Low
Eddy,Very Low
Emmons,Relatively Low
Foster,Very Low
Golden Valley,Very Low
Grand Forks,Relatively Moderate
Grant,Very Low
Griggs,Very Low
Hettinger,Very Low
Kidder,Very Low
LaMoure,Very Low
Logan,Very Low
McHenry,Relatively Low
McIntosh,Very Low
McKenzie,Relatively Low
McLean,Relatively Low
Mercer,Very Low
Morton,Relatively Low
Mountrail,Very Low
Nelson,Very Low
Oliver,Very Low
Pembina,Very Low
Pierce,Very Low
Ramsey,Relatively Low
Ransom,Very Low
Renville,Very Low
Richland,Relatively Low
Rolette,Relatively Low
Sargent,Very Low
Sheridan,Very Low
Sioux,Very Low
Slope,Very Low
Stark,Relatively Low
Steele,Very Low
Stutsman,Relatively Low
Towner,Very Low
Traill,Very Low
Walsh,Relatively Low
Ward,Relatively Low
Wells,Very Low
Williams,Relatively Low
Adams,Relatively Low
Allen,Relatively Low
Ashland,Very Low
Ashtabula,Relatively Low
Athens,Very Low
Auglaize,Very Low
Belmont,Relatively Low
Brown,Relatively Low
Butler,Relatively Moderate
Carroll,Very Low
Champaign,Very Low
Clark,Relatively Low
Clermont,Relatively Low
Clinton,Very Low
Columbiana,Relatively Low
Coshocton,Very Low
Crawford,Very Low
Cuyahoga,Relatively Moderate
Darke,Relatively Low
Defiance,Very Low
Delaware,Relatively Low
Erie,Relatively Low
Fairfield,Relatively Low
Fayette,Very Low
Franklin,Relatively Moderate
Fulton,Very Low
Gallia,Very Low
Geauga,Very Low
Greene,Relatively Low
Guernsey,Very Low
Hamilton,Relatively Moderate
Hancock,Relatively Low
Hardin,Very Low
Harrison,Very Low
Henry,Very Low
Highland,Very Low
Hocking,Very Low
Holmes,Relatively Low
Huron,Very Low
Jackson,Very Low
Jefferson,Relatively Low
Knox,Very Low
Lake,Relatively Low
Lawrence,Relatively Low
Licking,Relatively Low
Logan,Very Low
Lorain,Relatively Low
Lucas,Relatively Moderate
Madison,Very Low
Mahoning,Relatively Low
Marion,Very Low
Medina,Relatively Low
Meigs,Very Low
Mercer,Relatively Low
Miami,Relatively Low
Monroe,Very Low
Montgomery,Relatively Moderate
Morgan,Very Low
Morrow,Very Low
Muskingum,Very Low
Noble,Very Low
Ottawa,Very Low
Paulding,Very Low
Perry,Very Low
Pickaway,Very Low
Pike,Very Low
Portage,Relatively Low
Preble,Very Low
Putnam,Very Low
Richland,Relatively Low
Ross,Very Low
Sandusky,Relatively Low
Scioto,Relatively Low
Seneca,Very Low
Shelby,Very Low
Stark,Relatively Low
Summit,Relatively Moderate
Trumbull,Relatively Low
Tuscarawas,Very Low
Union,Very Low
Van Wert,Very Low
Vinton,Very Low
Warren,Relatively Low
Washington,Relatively Low
Wayne,Relatively Low
Williams,Very Low
Wood,Relatively Low
Wyandot,Very Low
Adair,Relatively Low
Alfalfa,Very Low
Atoka,Very Low
Beaver,Very Low
Beckham,Relatively Low
Blaine,Very Low
Bryan,Relatively Low
Caddo,Relatively Low
Canadian,Relatively Moderate
Carter,Relatively Low
Cherokee,Relatively Low
Choctaw,Relatively Low
Cimarron,Very Low
Cleveland,Relatively Moderate
Coal,Very Low
Comanche,Relatively Moderate
Cotton,Very Low
Craig,Relatively Low
Creek,Relatively Moderate
Custer,Relatively Low
Delaware,Relatively Low
Dewey,Very Low
Ellis,Very Low
Garfield,Relatively Low
Garvin,Relatively Low
Grady,Relatively Low
Grant,Very Low
Greer,Very Low
Harmon,Very Low
Harper,Very Low
Haskell,Relatively Low
Hughes,Relatively Low
Jackson,Relatively Low
Jefferson,Very Low
Johnston,Very Low
Kay,Relatively Low
Kingfisher,Relatively Low
Kiowa,Very Low
Latimer,Very Low
Le Flore,Relatively Low
Lincoln,Relatively Low
Logan,Relatively Low
Love,Very Low
McClain,Relatively Low
McCurtain,Relatively Low
McIntosh,Relatively Low
Major,Very Low
Marshall,Relatively Low
Mayes,Relatively Low
Murray,Very Low
Muskogee,Relatively Moderate
Noble,Very Low
Nowata,Very Low
Okfuskee,Very Low
Oklahoma,Relatively High
Okmulgee,Relatively Low
Osage,Relatively Low
Ottawa,Relatively Low
Pawnee,Very Low
Payne,Relatively Low
Pittsburg,Relatively Low
Pontotoc,Relatively Low
Pottawatomie,Relatively Moderate
Pushmataha,Very Low
Roger Mills,Very Low
Rogers,Relatively Low
Seminole,Relatively Low
Sequoyah,Relatively Low
Stephens,Relatively Low
Texas,Relatively Low
Tillman,Very Low
Tulsa,Relatively High
Wagoner,Relatively Low
Washington,Relatively Low
Washita,Very Low
Woods,Very Low
Woodward,Very Low
Baker,Relatively Low
Benton,Relatively Moderate
Clackamas,Relatively High
Clatsop,Relatively Moderate
Columbia,Relatively Moderate
Coos,Relatively Moderate
Crook,Very Low
Curry,Relatively Moderate
Deschutes,Relatively Low
Douglas,Relatively Moderate
Gilliam,Very Low
Grant,Very Low
Harney,Very Low
Hood River,Relatively Low
Jackson,Relatively Moderate
Jefferson,Relatively Low
Josephine,Relatively Moderate
Klamath,Relatively Moderate
Lake,Very Low
Lane,Relatively High
Lincoln,Relatively Moderate
Linn,Relatively Moderate
Malheur,Relatively Low
Marion,Relatively High
Morrow,Very Low
Multnomah,Relatively High
Polk,Relatively Moderate
Sherman,Very Low
Tillamook,Relatively Moderate
Umatilla,Relatively Low
Union,Very Low
Wallowa,Very Low
Wasco,Relatively Low
Washington,Relatively High
Wheeler,Very Low
Yamhill,Relatively Moderate
Adams,Relatively Low
Allegheny,Relatively Low
Armstrong,Very Low
Beaver,Relatively Low
Bedford,Very Low
Berks,Relatively Moderate
Blair,Relatively Low
Bradford,Relatively Low
Bucks,Relatively Moderate
Butler,Relatively Low
Cambria,Relatively Low
Cameron,Very Low
Carbon,Very Low
Centre,Very Low
Chester,Relatively Moderate
Clarion,Very Low
Clearfield,Very Low
Clinton,Very Low
Columbia,Very Low
Crawford,Relatively Low
Cumberland,Relatively Low
Dauphin,Relatively Moderate
Delaware,Relatively Moderate
Elk,Very Low
Erie,Relatively Low
Fayette,Relatively Low
Forest,Very Low
Franklin,Relatively Low
Fulton,Very Low
Greene,Very Low
Huntingdon,Very Low
Indiana,Very Low
Jefferson,Very Low
Juniata,Very Low
Lackawanna,Relatively Low
Lancaster,Relatively Moderate
Lawrence,Very Low
Lebanon,Relatively Low
Lehigh,Relatively Moderate
Luzerne,Relatively Moderate
Lycoming,Relatively Low
McKean,Very Low
Mercer,Very Low
Mifflin,Very Low
Monroe,Relatively Low
Montgomery,Relatively Moderate
Montour,Very Low
Northampton,Relatively Low
Northumberland,Relatively Low
Perry,Very Low
Philadelphia,Relatively High
Pike,Very Low
Potter,Very Low
Schuylkill,Relatively Low
Snyder,Very Low
Somerset,Very Low
Sullivan,Very Low
Susquehanna,Relatively Low
Tioga,Very Low
Union,Very Low
Venango,Relatively Low
Warren,Very Low
Washington,Very Low
Wayne,Relatively Low
Westmoreland,Relatively Low
Wyoming,Very Low
York,Relatively Moderate
Bristol,Very Low
Kent,Relatively Low
Newport,Relatively Low
Providence,Relatively Moderate
Washington,Relatively Low
Abbeville,Very Low
Aiken,Relatively Moderate
Allendale,Relatively Low
Anderson,Relatively Low
Bamberg,Relatively Low
Barnwell,Relatively Low
Beaufort,Relatively High
Berkeley,Relatively High
Calhoun,Very Low
Charleston,Relatively High
Cherokee,Relatively Low
Chester,Relatively Low
Chesterfield,Relatively Low
Clarendon,Relatively Moderate
Colleton,Relatively Moderate
Darlington,Relatively Low
Dillon,Relatively Moderate
Dorchester,Relatively High
Edgefield,Very Low
Fairfield,Very Low
Florence,Relatively Moderate
Georgetown,Relatively Moderate
Greenville,Relatively Moderate
Greenwood,Relatively Low
Hampton,Relatively Low
Horry,Relatively High
Jasper,Relatively Moderate
Kershaw,Relatively Low
Lancaster,Relatively Low
Laurens,Relatively Low
Lee,Relatively Low
Lexington,Relatively Moderate
McCormick,Very Low
Marion,Relatively Moderate
Marlboro,Relatively Low
Newberry,Relatively Low
Oconee,Relatively Low
Orangeburg,Relatively Moderate
Pickens,Relatively Low
Richland,Relatively Moderate
Saluda,Very Low
Spartanburg,Relatively Moderate
Sumter,Relatively Moderate
Union,Relatively Low
Williamsburg,Relatively Moderate
York,Relatively Moderate
Aurora,Very Low
Beadle,Relatively Low
Bennett,Very Low
Bon Homme,Very Low
Brookings,Relatively Low
Brown,Relatively Low
Brule,Very Low
Buffalo,Very Low
Butte,Very Low
Campbell,Very Low
Charles Mix,Very Low
Clark,Very Low
Clay,Relatively Low
Codington,Relatively Low
Corson,Very Low
Custer,Relatively Low
Davison,Relatively Low
Day,Very Low
Deuel,Very Low
Dewey,Very Low
Douglas,Very Low
Edmunds,Very Low
Fall River,Very Low
Faulk,Very Low
Grant,Very Low
Gregory,Very Low
Haakon,Very Low
Hamlin,Very Low
Hand,Very Low
Hanson,Very Low
Harding,Very Low
Hughes,Very Low
Hutchinson,Relatively Low
Hyde,Very Low
Jackson,Very Low
Jerauld,Very Low
Jones,Very Low
Kingsbury,Very Low
Lake,Relatively Low
Lawrence,Relatively Low
Lincoln,Relatively Moderate
Lyman,Very Low
McCook,Relatively Low
McPherson,Very Low
Marshall,Very Low
Meade,Relatively Low
Mellette,Very Low
Miner,Very Low
Minnehaha,Relatively Moderate
Moody,Relatively Low
Oglala Lakota,Relatively Low
Pennington,Relatively Moderate
Perkins,Very Low
Potter,Very Low
Roberts,Relatively Low
Sanborn,Very Low
Spink,Relatively Low
Stanley,Very Low
Sully,Very Low
Todd,Very Low
Tripp,Very Low
Turner,Relatively Low
Union,Relatively Low
Walworth,Very Low
Yankton,Relatively Low
Ziebach,Very Low
Anderson,Relatively Low
Bedford,Relatively Low
Benton,Very Low
Bledsoe,Very Low
Blount,Relatively Low
Bradley,Relatively Low
Campbell,Relatively Low
Cannon,Very Low
Carroll,Relatively Low
Carter,Relatively Low
Cheatham,Very Low
Chester,Relatively Low
Claiborne,Very Low
Clay,Very Low
Cocke,Very Low
Coffee,Relatively Low
Crockett,Relatively Low
Cumberland,Relatively Low
Davidson,Relatively High
Decatur,Very Low
DeKalb,Very Low
Dickson,Relatively Low
Dyer,Relatively Moderate
Fayette,Relatively Low
Fentress,Very Low
Franklin,Relatively Low
Gibson,Relatively Moderate
Giles,Relatively Low
Grainger,Very Low
Greene,Very Low
Grundy,Very Low
Hamblen,Very Low
Hamilton,Relatively Moderate
Hancock,Very Low
Hardeman,Relatively Low
Hardin,Relatively Low
Hawkins,Very Low
Haywood,Relatively Low
Henderson,Relatively Low
Henry,Relatively Low
Hickman,Very Low
Houston,Very Low
Humphreys,Very Low
Jackson,Very Low
Jefferson,Very Low
Johnson,Very Low
Knox,Relatively Moderate
Lake,Relatively Low
Lauderdale,Relatively Low
Lawrence,Relatively Low
Lewis,Very Low
Lincoln,Relatively Low
Loudon,Very Low
McMinn,Relatively Low
McNairy,Relatively Low
Macon,Very Low
Madison,Relatively Moderate
Marion,Relatively Low
Marshall,Relatively Low
Maury,Relatively Low
Meigs,Very Low
Monroe,Relatively Low
Montgomery,Relatively Moderate
Moore,Very Low
Morgan,Very Low
Obion,Relatively Low
Overton,Very Low
Perry,Very Low
Pickett,Very Low
Polk,Very Low
Putnam,Relatively Low
Rhea,Relatively Low
Roane,Very Low
Robertson,Relatively Low
Rutherford,Relatively Moderate
Scott,Very Low
Sequatchie,Very Low
Sevier,Relatively Low
Shelby,Relatively High
Smith,Very Low
Stewart,Very Low
Sullivan,Relatively Low
Sumner,Relatively Moderate
Tipton,Relatively Low
Trousdale,Very Low
Unicoi,Very Low
Union,Very Low
Van Buren,Very Low
Warren,Relatively Low
Washington,Relatively Low
Wayne,Very Low
Weakley,Relatively Low
White,Very Low
Williamson,Relatively Low
Wilson,Relatively Low
Anderson,Relatively Low
Andrews,Very Low
Angelina,Relatively Low
Aransas,Relatively Moderate
Archer,Very Low
Armstrong,Very Low
Atascosa,Relatively Low
Austin,Relatively Low
Bailey,Relatively Low
Bandera,Relatively Low
Bastrop,Relatively Low
Baylor,Very Low
Bee,Relatively Low
Bell,Relatively Moderate
Bexar,Relatively High
Blanco,Very Low
Borden,Very Low
Bosque,Very Low
Bowie,Relatively Low
Brazoria,Relatively High
Brazos,Relatively Moderate
Brewster,Relatively Low
Briscoe,Very Low
Brooks,Relatively Low
Brown,Relatively Low
Burleson,Very Low
Burnet,Relatively Low
Caldwell,Relatively Low
Calhoun,Relatively Moderate
Callahan,Very Low
Cameron,Relatively High
Camp,Relatively Low
Carson,Relatively Low
Cass,Relatively Low
Castro,Very Low
Chambers,Relatively Moderate
Cherokee,Relatively Low
Childress,Relatively Moderate
Clay,Very Low
Cochran,Very Low
Coke,Very Low
Coleman,Very Low
Collin,Relatively High
Collingsworth,Very Low
Colorado,Relatively Low
Comal,Relatively Moderate
Comanche,Relatively Low
Concho,Very Low
Cooke,Relatively Moderate
Coryell,Relatively Low
Cottle,Very Low
Crane,Very Low
Crockett,Very Low
Crosby,Very Low
Culberson,Very Low
Dallam,Very Low
Dallas,Relatively High
Dawson,Very Low
Deaf Smith,Relatively Low
Delta,Very Low
Denton,Relatively High
DeWitt,Relatively Moderate
Dickens,Very Low
Dimmit,Very Low
Donley,Very Low
Duval,Very Low
Eastland,Relatively Low
Ector,Relatively Moderate
Edwards,Very Low
Ellis,Relatively Low
El Paso,Relatively Moderate
Erath,Relatively Low
Falls,Very Low
Fannin,Relatively Low
Fayette,Relatively Low
Fisher,Very Low
Floyd,Relatively Low
Foard,Very Low
Fort Bend,Relatively High
Franklin,Very Low
Freestone,Very Low
Frio,Very Low
Gaines,Relatively Low
Galveston,Relatively High
Garza,Very Low
Gillespie,Relatively Low
Glasscock,Very Low
Goliad,Relatively Low
Gonzales,Relatively Moderate
Gray,Relatively Low
Grayson,Relatively Moderate
Gregg,Relatively Moderate
Grimes,Relatively Low
Guadalupe,Relatively Moderate
Hale,Relatively Low
Hall,Very Low
Hamilton,Very Low
Hansford,Very Low
Hardeman,Very Low
Hardin,Relatively Moderate
Harris,Very High
Harrison,Relatively Low
Hartley,Relatively Low
Haskell,Very Low
Hays,Relatively Moderate
Hemphill,Relatively Low
Henderson,Relatively Low
Hidalgo,Relatively High
Hill,Relatively Low
Hockley,Relatively Low
Hood,Relatively Low
Hopkins,Relatively Low
Houston,Very Low
Howard,Relatively Low
Hudspeth,Very Low
Hunt,Relatively Moderate
Hutchinson,Relatively Low
Irion,Very Low
Jack,Very Low
Jackson,Relatively Moderate
Jasper,Relatively Low
Jeff Davis,Very Low
Jefferson,Relatively High
Jim Hogg,Very Low
Jim Wells,Relatively Moderate
Johnson,Relatively Moderate
Jones,Very Low
Karnes,Relatively Low
Kaufman,Relatively Low
Kendall,Relatively Low
Kenedy,Very Low
Kent,Very Low
Kerr,Relatively Low
Kimble,Very Low
King,Very Low
Kinney,Very Low
Kleberg,Relatively Moderate
Knox,Very Low
Lamar,Relatively Low
Lamb,Relatively Low
Lampasas,Very Low
La Salle,Very Low
Lavaca,Relatively Low
Lee,Very Low
Leon,Very Low
Liberty,Relatively Moderate
Limestone,Very Low
Lipscomb,Very Low
Live Oak,Very Low
Llano,Relatively Low
Loving,Very Low
Lubbock,Relatively High
Lynn,Very Low
McCulloch,Very Low
McLennan,Relatively Moderate
McMullen,Very Low
Madison,Very Low
Marion,Very Low
Martin,Very Low
Mason,Very Low
Matagorda,Relatively Moderate
Maverick,Relatively Low
Medina,Relatively Low
Menard,Very Low
Midland,Relatively Moderate
Milam,Relatively Low
Mills,Very Low
Mitchell,Very Low
Montague,Relatively Low
Montgomery,Relatively High
Moore,Relatively Low
Morris,Relatively Low
Motley,Very Low
Nacogdoches,Relatively Moderate
Navarro,Relatively Moderate
Newton,Very Low
Nolan,Relatively Low
Nueces,Relatively High
Ochiltree,Relatively Low
Oldham,Very Low
Orange,Relatively High
Palo Pinto,Relatively Low
Panola,Relatively Low
Parker,Relatively Moderate
Parmer,Relatively Low
Pecos,Very Low
Polk,Relatively Low
Potter,Relatively Moderate
Presidio,Very Low
Rains,Very Low
Randall,Relatively Moderate
Reagan,Very Low
Real,Very Low
Red River,Very Low
Reeves,Very Low
Refugio,Relatively Low
Roberts,Very Low
Robertson,Very Low
Rockwall,Relatively Low
Runnels,Very Low
Rusk,Relatively Low
Sabine,Very Low
San Augustine,Very Low
San Jacinto,Relatively Low
San Patricio,Relatively Moderate
San Saba,Very Low
Schleicher,Very Low
Scurry,Relatively Low
Shackelford,Very Low
Shelby,Relatively Low
Sherman,Very Low
Smith,Relatively Low
Somervell,Very Low
Starr,Relatively Moderate
Stephens,Very Low
Sterling,Very Low
Stonewall,Very Low
Sutton,Very Low
Swisher,Relatively Low
Tarrant,Relatively High
Taylor,Relatively Moderate
Terrell,Very Low
Terry,Very Low
Throckmorton,Very Low
Titus,Relatively Low
Tom Green,Relatively Low
Travis,Relatively High
Trinity,Relatively Low
Tyler,Relatively Low
Upshur,Relatively Low
Upton,Very Low
Uvalde,Relatively Low
Val Verde,Relatively Low
Van Zandt,Relatively Low
Victoria,Relatively Moderate
Walker,Relatively Low
Waller,Relatively Low
Ward,Very Low
Washington,Relatively Low
Webb,Relatively Low
Wharton,Relatively Moderate
Wheeler,Relatively Low
Wichita,Relatively Low
Wilbarger,Relatively Low
Willacy,Relatively Moderate
Williamson,Relatively Moderate
Wilson,Relatively Low
Winkler,Very Low
Wise,Relatively Low
Wood,Very Low
Yoakum,Relatively Low
Young,Relatively Low
Zapata,Very Low
Zavala,Very Low
Beaver,Very Low
Box Elder,Relatively Low
Cache,Relatively Moderate
Carbon,Very Low
Daggett,Very Low
Davis,Relatively Moderate
Duchesne,Very Low
Emery,Very Low
Garfield,Very Low
Grand,Very Low
Iron,Relatively Moderate
Juab,Relatively Low
Kane,Very Low
Millard,Very Low
Morgan,Very Low
Piute,Very Low
Rich,Very Low
Salt Lake,Relatively High
San Juan,Very Low
Sanpete,Relatively Low
Sevier,Very Low
Summit,Relatively Low
Tooele,Relatively Low
Uintah,Very Low
Utah,Relatively High
Wasatch,Very Low
Washington,Relatively High
Wayne,Very Low
Weber,Relatively Moderate
Addison,Very Low
Bennington,Very Low
Caledonia,Very Low
Chittenden,Very Low
Essex,Very Low
Franklin,Very Low
Grand Isle,Very Low
Lamoille,Very Low
Orange,Very Low
Orleans,Very Low
Rutland,Very Low
Washington,Relatively Low
Windham,Relatively Low
Windsor,Relatively Low
Accomack,Relatively Moderate
Albemarle,Relatively Low
Alleghany,Very Low
Amelia,Very Low
Amherst,Very Low
Appomattox,Very Low
Arlington,Relatively Low
Augusta,Very Low
Bath,Very Low
Bedford,Very Low
Bland,Very Low
Botetourt,Very Low
Brunswick,Very Low
Buchanan,Very Low
Buckingham,Very Low
Campbell,Very Low
Caroline,Very Low
Carroll,Very Low
Charles City,Very Low
Charlotte,Very Low
Chesterfield,Relatively Moderate
Clarke,Very Low
Craig,Very Low
Culpeper,Very Low
Cumberland,Very Low
Dickenson,Very Low
Dinwiddie,Very Low
Essex,Relatively Low
Fairfax,Relatively Moderate
Fauquier,Very Low
Floyd,Very Low
Fluvanna,Very Low
Franklin,Very Low
Frederick,Relatively Low
Giles,Very Low
Gloucester,Relatively Low
Goochland,Very Low
Grayson,Very Low
Greene,Very Low
Greensville,Very Low
Halifax,Very Low
Hanover,Relatively Low
Henrico,Relatively Low
Henry,Relatively Low
Highland,Very Low
Isle of Wight,Relatively Low
James City,Relatively Low
King and Queen,Very Low
King George,Very Low
King William,Very Low
Lancaster,Relatively Low
Lee,Very Low
Loudoun,Relatively Low
Louisa,Very Low
Lunenburg,Very Low
Madison,Very Low
Mathews,Relatively Low
Mecklenburg,Relatively Low
Middlesex,Relatively Low
Montgomery,Very Low
Nelson,Very Low
New Kent,Very Low
Northampton,Relatively Low
Northumberland,Relatively Low
Nottoway,Very Low
Orange,Relatively Low
Page,Very Low
Patrick,Very Low
Pittsylvania,Very Low
Powhatan,Very Low
Prince Edward,Very Low
Prince George,Relatively Low
Prince William,Relatively Moderate
Pulaski,Very Low
Rappahannock,Very Low
Richmond,Very Low
Roanoke,Very Low
Rockbridge,Very Low
Rockingham,Relatively Low
Russell,Very Low
Scott,Very Low
Shenandoah,Relatively Low
Smyth,Very Low
Southampton,Relatively Low
Spotsylvania,Relatively Low
Stafford,Relatively Low
Surry,Very Low
Sussex,Very Low
Tazewell,Relatively Low
Warren,Very Low
Washington,Very Low
Westmoreland,Relatively Low
Wise,Very Low
Wythe,Very Low
York,Relatively Low
Alexandria,Relatively Low
Bristol,Very Low
Buena Vista,Very Low
Charlottesville,Very Low
Chesapeake,Relatively Moderate
Colonial Heights,Very Low
Covington,Very Low
Danville,Relatively Low
Emporia,Very Low
Fairfax,Very Low
Falls Church,Very Low
Franklin,Very Low
Fredericksburg,Very Low
Galax,Very Low
Hampton,Relatively Moderate
Harrisonburg,Very Low
Hopewell,Very Low
Lexington,Very Low
Lynchburg,Very Low
Manassas,Very Low
Manassas Park,Very Low
Martinsville,Very Low
Newport News,Relatively Moderate
Norfolk,Relatively Moderate
Norton,Very Low
Petersburg,Very Low
Poquoson,Very Low
Portsmouth,Relatively Moderate
Radford,Very Low
Richmond,Relatively Low
Roanoke,Very Low
Salem,Very Low
Staunton,Very Low
Suffolk,Relatively Low
Virginia Beach,Relatively Moderate
Waynesboro,Very Low
Williamsburg,Very Low
Winchester,Very Low
Adams,Very Low
Asotin,Very Low
Benton,Relatively Moderate
Chelan,Relatively Moderate
Clallam,Relatively Moderate
Clark,Relatively High
Columbia,Very Low
Cowlitz,Relatively Moderate
Douglas,Relatively Low
Ferry,Relatively Low
Franklin,Relatively Low
Garfield,Very Low
Grant,Relatively Low
Grays Harbor,Relatively Moderate
Island,Relatively Low
Jefferson,Relatively Low
King,Very High
Kitsap,Relatively Moderate
Kittitas,Relatively Moderate
Klickitat,Relatively Low
Lewis,Relatively Moderate
Lincoln,Very Low
Mason,Relatively Moderate
Okanogan,Relatively Moderate
Pacific,Relatively Low
Pend Oreille,Very Low
Pierce,Relatively High
San Juan,Very Low
Skagit,Relatively Moderate
Skamania,Relatively Low
Snohomish,Relatively High
Spokane,Relatively Low
Stevens,Very Low
Thurston,Relatively High
Wahkiakum,Very Low
Walla Walla,Relatively Low
Whatcom,Relatively Moderate
Whitman,Very Low
Yakima,Relatively Moderate
Barbour,Very Low
Berkeley,Relatively Low
Boone,Very Low
Braxton,Very Low
Brooke,Very Low
Cabell,Very Low
Calhoun,Very Low
Clay,Very Low
Doddridge,Very Low
Fayette,Very Low
Gilmer,Very Low
Grant,Very Low
Greenbrier,Very Low
Hampshire,Very Low
Hancock,Very Low
Hardy,Very Low
Harrison,Very Low
Jackson,Very Low
Jefferson,Very Low
Kanawha,Relatively Low
Lewis,Very Low
Lincoln,Very Low
Logan,Relatively Low
McDowell,Relatively Low
Marion,Very Low
Marshall,Very Low
Mason,Very Low
Mercer,Very Low
Mineral,Very Low
Mingo,Relatively Low
Monongalia,Very Low
Monroe,Very Low
Morgan,Very Low
Nicholas,Very Low
Ohio,Relatively Low
Pendleton,Very Low
Pleasants,Very Low
Pocahontas,Very Low
Preston,Very Low
Putnam,Very Low
Raleigh,Relatively Low
Randolph,Very Low
Ritchie,Very Low
Roane,Very Low
Summers,Very Low
Taylor,Very Low
Tucker,Very Low
Tyler,Very Low
Upshur,Very Low
Wayne,Very Low
Webster,Very Low
Wetzel,Very Low
Wirt,Very Low
Wood,Very Low
Wyoming,Very Low
Adams,Very Low
Ashland,Very Low
Barron,Relatively Low
Bayfield,Very Low
Brown,Relatively Low
Buffalo,Very Low
Burnett,Very Low
Calumet,Very Low
Chippewa,Relatively Low
Clark,Very Low
Columbia,Relatively Low
Crawford,Relatively Low
Dane,Relatively Moderate
Dodge,Relatively Low
Door,Very Low
Douglas,Very Low
Dunn,Relatively Low
Eau Claire,Relatively Low
Florence,Very Low
Fond du Lac,Relatively Low
Forest,Very Low
Grant,Relatively Low
Green,Very Low
Green Lake,Very Low
Iowa,Very Low
Iron,Very Low
Jackson,Very Low
Jefferson,Relatively Low
Juneau,Very Low
Kenosha,Relatively Low
Kewaunee,Very Low
La Crosse,Relatively Low
Lafayette,Very Low
Langlade,Very Low
Lincoln,Very Low
Manitowoc,Relatively Low
Marathon,Relatively Low
Marinette,Very Low
Marquette,Very Low
Menominee,Very Low
Milwaukee,Relatively Moderate
Monroe,Relatively Low
Oconto,Very Low
Oneida,Very Low
Outagamie,Relatively Low
Ozaukee,Relatively Low
Pepin,Very Low
Pierce,Relatively Low
Polk,Relatively Low
Portage,Relatively Low
Price,Very Low
Racine,Relatively Low
Richland,Very Low
Rock,Relatively Low
Rusk,Very Low
St. Croix,Relatively Low
Sauk,Relatively Low
Sawyer,Very Low
Shawano,Very Low
Sheboygan,Relatively Low
Taylor,Very Low
Trempealeau,Relatively Low
Vernon,Relatively Low
Vilas,Very Low
Walworth,Relatively Low
Washburn,Very Low
Washington,Relatively Low
Waukesha,Relatively Moderate
Waupaca,Very Low
Waushara,Very Low
Winnebago,Relatively Low
Wood,Relatively Low
Albany,Very Low
Big Horn,Very Low
Campbell,Relatively Low
Carbon,Very Low
Converse,Very Low
Crook,Very Low
Fremont,Relatively Low
Goshen,Very Low
Hot Springs,Very Low
Johnson,Very Low
Laramie,Relatively Low
Lincoln,Relatively Low
Natrona,Very Low
Niobrara,Very Low
Park,Very Low
Platte,Very Low
Sheridan,Very Low
Sublette,Very Low
Sweetwater,Very Low
Teton,Relatively Low
Uinta,Very Low
Washakie,Very Low
Weston,Very Low